部件编号,对应的机型范围
NT2300,
NT2301,
NT2302,
NT2303,
NT2304,
NT2305,
NT2306,
NT2307,
NT2308,
NT2309,
NT2310,
NT2311,
NT2312,
NT2313,
NT2314,
NT2315,
NT2316,
NT2317,
NT2318,
NT2319,
NT2320,
NT2321,
NT2322,
NT2323,
NT2324,
NT2325,
NT2326,
NT2327,
NT2328,
NT2329,
NT2330,
NT2331,
NT2332,
NT2333,
NT2334,
NT2335,
NT2336,
NT2337,
NT2338,
NT2339,
NT2340,
NT2341,
NT2342,
NT2343,
NT2344,
NT2345,
NT2346,
NT2347,
NT2348,
NT2349,
NT2350,
NT2351,
NT2352,
NT2353,
NT2354,
NT2355,
NT2356,
NT2357,
NT2358,
NT2359,
NT2360,
NT2361,
NT2362,
NT2363,
NT2364,
NT2365,
NT2366,
NT2367,
NT2368,
NT2369,
NT2370,
NT2371,
NT2372,
NT2373,
NT2374,
NT2375,
NT2376,
NT2377,
NT2378,
NT2379,
NT2380,
NT2381,
NT2382,
NT2383,
NT2384,
NT2385,
NT2386,
NT2387,
NT2388,
NT2389,
NT2390,
NT2391,
NT2392,
NT2393,
NT2394,
NT2395,
NT2396,
NT2397,
NT2398,
NT2399,
NT2400,
NT2401,
NT2402,
NT2403,
NT2404,
NT2405,
NT2406,
NT2407,
NT2408,
NT2409,
NT2410,
NT2411,
NT2412,
NT2413,
NT2414,
NT2415,
NT2416,
NT2417,
NT2418,
NT2419,
NT2420,
NT2421,
NT2422,
NT2423,
NT2424,
NT2425,
NT2426,
NT2427,
NT2428,
NT2429,
NT2430,
NT2431,
NT2432,
NT2433,
NT2434,
NT2435,
NT2436,
NT2437,
NT2438,
NT2439,
NT2440,
NT2441,
NT2442,
NT2443,
NT2444,
NT2445,
NT2446,
NT2447,
NT2448,
NT2449,
NT2450,
NT2451,
NT2452,
NT2453,
NT2454,
NT2455,
NT2456,
NT2457,
NT2458,
NT2459,
NT2460,
NT2461,
NT2462,
NT2463,
NT2464,
NT2465,
NT2466,
NT2467,
NT2468,
NT2469,
NT2470,
NT2471,
NT2472,
NT2473,
NT2474,
NT2475,
NT2476,
NT2477,
NT2478,
NT2479,
NT2480,
NT2481,
NT2482,
NT2483,
NT2484,
NT2485,
NT2486,
NT2487,
NT2488,
NT2489,
NT2490,
NT2491,
NT2492,
NT2493,
NT2494,
NT2495,
NT2496,
NT2497,
NT2498,
NT2499,
NT2500,
NT2501,
NT2502,
NT2503,
NT2504,
NT2505,
NT2506,
NT2507,
NT2508,
NT2509,
NT2510,
NT2511,
NT2512,
NT2513,
NT2514,
NT2515,
NT2516,
NT2517,
NT2518,
NT2519,
NT2520,
NT2521,
NT2522,
NT2523,
NT2524,
NT2525,
NT2526,
NT2527,
NT2528,
NT2529,
NT2530,
NT2531,
NT2532,
NT2533,
NT2534,
NT2535,
NT2536,
NT2537,
NT2538,
NT2539,
NT2540,
NT2541,
NT2542,
NT2543,
NT2544,
NT2545,
NT2546,
NT2547,
NT2548,
NT2549,
NT2550,
NT2551,
NT2552,
NT2553,
NT2554,
NT2555,
NT2556,
NT2557,
NT2558,
NT2559,
NT2560,
NT2561,
NT2562,
NT2563,
NT2564,
NT2565,
NT2566,
NT2567,
NT2568,
NT2569,
NT2570,
NT2571,
NT2572,
NT2573,
NT2574,
NT2575,
NT2576,
NT2577,
NT2578,
NT2579,
NT2580,
NT2581,
NT2582,
NT2583,
NT2584,
NT2585,
NT2586,
NT2587,
NT2588,
NT2589,
NT2590,
NT2591,
NT2592,
NT2593,
NT2594,
NT2595,
NT2596,
NT2597,
NT2598,
NT2599,
NT2600,
NT2601,
NT2602,
NT2603,
NT2604,
NT2605,
NT2606,
NT2607,
NT2608,
NT2609,
NT2610,
NT2611,
NT2612,
NT2613,
NT2614,
NT2615,
NT2616,
NT2617,
NT2618,
NT2619,
NT2620,
NT2621,
NT2622,
NT2623,
NT2624,
NT2625,
NT2626,
NT2627,
NT2628,
NT2629,
NT2630,
NT2631,
NT2632,
NT2633,
NT2634,
NT2635,
NT2636,
NT2637,
NT2638,
NT2639,
NT2640,
NT2641,
NT2642,
NT2643,
NT2644,
NT2645,
NT2646,
NT2647,
NT2648,
NT2649,
NT2650,
NT2651,
NT2652,
NT2653,
NT2654,
NT2655,
NT2656,
NT2657,
NT2658,
NT2659,
NT2660,
NT2661,
NT2662,
NT2663,
NT2664,
NT2665,
NT2666,
NT2667,
NT2668,
NT2669,
NT2670,
NT2671,
NT2672,
NT2673,
NT2674,
NT2675,
NT2676,
NT2677,
NT2678,
NT2679,
NT2680,
NT2681,
NT2682,
NT2683,
NT2684,
NT2685,
NT2686,
NT2687,
NT2688,
NT2689,
NT2690,
NT2691,
NT2692,
NT2693,
NT2694,
NT2695,
NT2696,
NT2697,
NT2698,
NT2699,
NT2700,
NT2701,
NT2702,
NT2703,
NT2704,
NT2705,
NT2706,
NT2707,
NT2708,
NT2709,
NT2710,
NT2711,
NT2712,
NT2713,
NT2714,
NT2715,
NT2716,
NT2717,
NT2718,
NT2719,
NT2720,
NT2721,
NT2722,
NT2723,
NT2724,
NT2725,
NT2726,
NT2727,
NT2728,
NT2729,
NT2730,
NT2731,
NT2732,
NT2733,
NT2734,
NT2735,
NT2736,
NT2737,
NT2738,
NT2739,
NT2740,
NT2741,
NT2742,
NT2743,
NT2744,
NT2745,
NT2746,
NT2747,
NT2748,
NT2749,
NT2750,
NT2751,
NT2752,
NT2753,
NT2754,
NT2755,
NT2756,
NT2757,
NT2758,
NT2759,
NT2760,
NT2761,
NT2762,
NT2763,
NT2764,
NT2765,
NT2766,
NT2767,
NT2768,
NT2769,
NT2770,
NT2771,
NT2772,
NT2773,
NT2774,
NT2775,
NT2776,
NT2777,
NT2778,
NT2779,
NT2780,
NT2781,
NT2782,
NT2783,
NT2784,
NT2785,
NT2786,
NT2787,
NT2788,
NT2789,
NT2790,
NT2791,
NT2792,
NT2793,
NT2794,
NT2795,
NT2796,
NT2797,
NT2798,
NT2799,
NT2800,
NT2801,
NT2802,
NT2803,
NT2804,
NT2805,
NT2806,
NT2807,
NT2808,
NT2809,
NT2810,
NT2811,
NT2812,
NT2813,
NT2814,
NT2815,
NT2816,
NT2817,
NT2818,
NT2819,
NT2820,
NT2821,
NT2822,
NT2823,
NT2824,
NT2825,
NT2826,
NT2827,
NT2828,
NT2829,
NT2830,
NT2831,
NT2832,
NT2833,
NT2834,
NT2835,
NT2836,
NT2837,
NT2838,
NT2839,
NT2840,
NT2841,
NT2842,
NT2843,
NT2844,
NT2845,
NT2846,
NT2847,
NT2848,
NT2849,
NT2850,
NT2851,
NT2852,
NT2853,
NT2854,
NT2855,
NT2856,
NT2857,
NT2858,
NT2859,
NT2860,
NT2861,
NT2862,
NT2863,
NT2864,
NT2865,
NT2866,
NT2867,
NT2868,
NT2869,
NT2870,
NT2871,
NT2872,
NT2873,
NT2874,
NT2875,
NT2876,
NT2877,
NT2878,
NT2879,
NT2880,
NT2881,
NT2882,
NT2883,
NT2884,
NT2885,
NT2886,
NT2887,
NT2888,
NT2889,
NT2890,
NT2891,
NT2892,
NT2893,
NT2894,
NT2895,
NT2896,
NT2897,
NT2898,
NT2899,
NT2900,
NT2901,
NT2902,
NT2903,
NT2904,
NT2905,
NT2906,
NT2907,
NT2908,
NT2909,
NT2910,
NT2911,
NT2912,
NT2913,
NT2914,
NT2915,
NT2916,
NT2917,
NT2918,
NT2919,
NT2920,
NT2921,
NT2922,
NT2923,
NT2924,
NT2925,
NT2926,
NT2927,
NT2928,
NT2929,
NT2930,
NT2931,
NT2932,
NT2933,
NT2934,
NT2935,
NT2936,
NT2937,
NT2938,
NT2939,
NT2940,
NT2941,
NT2942,
NT2943,
NT2944,
NT2945,
NT2946,
NT2947,
NT2948,
NT2949,
NT2950,
NT2951,
NT2952,
NT2953,
NT2954,
NT2955,
NT2956,
NT2957,
NT2958,
NT2959,
NT2960,
NT2961,
NT2962,
NT2963,
NT2964,
NT2965,
NT2966,
NT2967,
NT2968,
NT2969,
NT2970,
NT2971,
NT2972,
NT2973,
NT2974,
NT2975,
NT2976,
NT2977,
NT2978,
NT2979,
NT2980,
NT2981,
NT2982,
NT2983,
NT2984,
NT2985,
NT2986,
NT2987,
NT2988,
NT2989,
NT2990,
NT2991,
NT2992,
NT2993,
NT2994,
NT2995,
NT2996,
NT2997,
NT2998,
NT2999,
